[{"model": "kaki.vocabitem", "pk": 3, "fields": {"tango": "単語", "yomi": "たんご", "pitch": 0, "definition": "", "category": "", "learned": false}}, {"model": "kaki.vocabitem", "pk": 8, "fields": {"tango": "犬", "yomi": "いぬ", "pitch": 2, "definition": "", "category": "", "learned": false}}, {"model": "kaki.vocabitem", "pk": 12, "fields": {"tango": "豆", "yomi": "まめ", "pitch": 2, "definition": "", "category": "", "learned": false}}, {"model": "kaki.vocabitem", "pk": 13, "fields": {"tango": "前", "yomi": "まえ", "pitch": 1, "definition": "", "category": "", "learned": false}}, {"model": "kaki.vocabitem", "pk": 14, "fields": {"tango": "柿", "yomi": "かき", "pitch": 0, "definition": "", "category": "", "learned": false}}, {"model": "kaki.vocabitem", "pk": 15, "fields": {"tango": "牡蠣", "yomi": "かき", "pitch": 1, "definition": "", "category": "", "learned": false}}, {"model": "kaki.vocabitem", "pk": 17, "fields": {"tango": "猫", "yomi": "ねこ", "pitch": 1, "definition": "", "category": "", "learned": false}}, {"model": "kaki.vocabitem", "pk": 18, "fields": {"tango": "コーヒー", "yomi": "コーヒー", "pitch": 3, "definition": "", "category": "", "learned": false}}, {"model": "kaki.vocabitem", "pk": 19, "fields": {"tango": "一生懸命", "yomi": "いっしょうけんめい", "pitch": 5, "definition": "", "category": "", "learned": false}}, {"model": "kaki.vocabitem", "pk": 20, "fields": {"tango": "始める", "yomi": "はじめる", "pitch": 0, "definition": "", "category": "", "learned": false}}, {"model": "kaki.vocabitem", "pk": 21, "fields": {"tango": "先生", "yomi": "せんせい", "pitch": 3, "definition": "", "category": "", "learned": false}}, {"model": "kaki.vocabitem", "pk": 23, "fields": {"tango": "日本語", "yomi": "にほんご", "pitch": 0, "definition": "", "category": "", "learned": false}}, {"model": "kaki.vocabitem", "pk": 24, "fields": {"tango": "文書", "yomi": "もんじょ", "pitch": 1, "definition": "document, writing, paperwork", "category": "N1", "learned": false}}, {"model": "kaki.vocabitem", "pk": 25, "fields": {"tango": "打撃", "yomi": "だげき", "pitch": 0, "definition": "blow, shock, strike", "category": "N1", "learned": false}}, {"model": "kaki.vocabitem", "pk": 26, "fields": {"tango": "報酬", "yomi": "ほうしゅう", "pitch": 0, "definition": "remuneration, recompense, reward", "category": "N1", "learned": false}}, {"model": "kaki.vocabitem", "pk": 27, "fields": {"tango": "移民", "yomi": "いみん", "pitch": 0, "definition": "emigration, immigration", "category": "N1", "learned": false}}, {"model": "kaki.vocabitem", "pk": 28, "fields": {"tango": "依然", "yomi": "いぜん", "pitch": 0, "definition": "still; as yet; as it has been", "category": "N1", "learned": false}}, {"model": "kaki.vocabitem", "pk": 29, "fields": {"tango": "持続", "yomi": "じぞく", "pitch": 0, "definition": "continuation; persisting; lasting; sustaining; enduring", "category": "N1", "learned": false}}, {"model": "kaki.vocabitem", "pk": 30, "fields": {"tango": "傾ける", "yomi": "かたむける", "pitch": 4, "definition": "to incline, to lean, to tilt", "category": "N1", "learned": false}}, {"model": "kaki.vocabitem", "pk": 31, "fields": {"tango": "好意", "yomi": "こうい", "pitch": 1, "definition": "good will, favor, courtesy", "category": "N1", "learned": false}}, {"model": "kaki.vocabitem", "pk": 32, "fields": {"tango": "購入", "yomi": "こうにゅう", "pitch": 0, "definition": "purchase, buy", "category": "N1", "learned": false}}, {"model": "kaki.vocabitem", "pk": 33, "fields": {"tango": "明瞭", "yomi": "めいりょう", "pitch": 0, "definition": "clear; plain; distinct; obvious; evident; articulate", "category": "N1", "learned": false}}, {"model": "kaki.vocabitem", "pk": 34, "fields": {"tango": "理論", "yomi": "りろん", "pitch": 1, "definition": "theory", "category": "N1", "learned": false}}, {"model": "kaki.vocabitem", "pk": 35, "fields": {"tango": "設立", "yomi": "せつりつ", "pitch": 0, "definition": "establishment, founding", "category": "N1", "learned": false}}, {"model": "kaki.vocabitem", "pk": 36, "fields": {"tango": "視野", "yomi": "しや", "pitch": 1, "definition": "field of vision; view; one’;s outlook", "category": "N1", "learned": false}}, {"model": "kaki.vocabitem", "pk": 37, "fields": {"tango": "少数", "yomi": "しょうすう", "pitch": 3, "definition": "minority; few", "category": "N1", "learned": false}}, {"model": "kaki.vocabitem", "pk": 38, "fields": {"tango": "募る", "yomi": "つのる", "pitch": 2, "definition": "to grow violent, to become stronger", "category": "N1", "learned": false}}, {"model": "kaki.vocabitem", "pk": 39, "fields": {"tango": "余地", "yomi": "よち", "pitch": 1, "definition": "place, room, margin", "category": "N1", "learned": false}}, {"model": "kaki.vocabitem", "pk": 40, "fields": {"tango": "財政", "yomi": "ざいせい", "pitch": 0, "definition": "public finance, financial affairs", "category": "N1", "learned": false}}, {"model": "kaki.vocabitem", "pk": 41, "fields": {"tango": "圧力", "yomi": "あつりょく", "pitch": 2, "definition": "pressure, stress", "category": "N1", "learned": false}}, {"model": "kaki.vocabitem", "pk": 42, "fields": {"tango": "挑戦", "yomi": "ちょうせん", "pitch": 0, "definition": "challenge, defiance, dare", "category": "N1", "learned": false}}, {"model": "kaki.vocabitem", "pk": 43, "fields": {"tango": "不当", "yomi": "ふとう", "pitch": 0, "definition": "injustice, impropriety, unfair", "category": "N1", "learned": false}}, {"model": "kaki.vocabitem", "pk": 44, "fields": {"tango": "軍事", "yomi": "ぐんじ", "pitch": 1, "definition": "military affairs", "category": "N1", "learned": false}}, {"model": "kaki.vocabitem", "pk": 45, "fields": {"tango": "課題", "yomi": "かだい", "pitch": 0, "definition": "subject; theme; issue; matter; homework; assignment; task; challenge; problem; question", "category": "N1", "learned": false}}, {"model": "kaki.vocabitem", "pk": 46, "fields": {"tango": "機構", "yomi": "きこう", "pitch": 0, "definition": "mechanism, organization", "category": "N1", "learned": false}}, {"model": "kaki.vocabitem", "pk": 47, "fields": {"tango": "競う", "yomi": "きそう", "pitch": 2, "definition": "to compete; to contend; to vie; to contest", "category": "N1", "learned": false}}, {"model": "kaki.vocabitem", "pk": 48, "fields": {"tango": "強烈", "yomi": "きょうれつ", "pitch": 0, "definition": "strong, intense, severe", "category": "N1", "learned": false}}, {"model": "kaki.vocabitem", "pk": 49, "fields": {"tango": "理性", "yomi": "りせい", "pitch": 1, "definition": "reason, reasoning power", "category": "N1", "learned": false}}, {"model": "kaki.vocabitem", "pk": 50, "fields": {"tango": "領域", "yomi": "りょういき", "pitch": 0, "definition": "area; domain; territory; field; range; region; regime", "category": "N1", "learned": false}}, {"model": "kaki.vocabitem", "pk": 51, "fields": {"tango": "戦闘", "yomi": "せんとう", "pitch": 0, "definition": "battle, fight, combat", "category": "N1", "learned": false}}, {"model": "kaki.vocabitem", "pk": 52, "fields": {"tango": "指示", "yomi": "しじ", "pitch": 1, "definition": "instructions, directions, indication", "category": "N1", "learned": false}}, {"model": "kaki.vocabitem", "pk": 53, "fields": {"tango": "資格", "yomi": "しかく", "pitch": 0, "definition": "qualifications; requirements; capabilities", "category": "N1", "learned": false}}, {"model": "kaki.vocabitem", "pk": 54, "fields": {"tango": "思考", "yomi": "しこう", "pitch": 0, "definition": "thought; consideration; thinking", "category": "N1", "learned": false}}, {"model": "kaki.vocabitem", "pk": 55, "fields": {"tango": "照明", "yomi": "しょうめい", "pitch": 0, "definition": "illumination; lighting", "category": "N1", "learned": false}}, {"model": "kaki.vocabitem", "pk": 56, "fields": {"tango": "奨励", "yomi": "しょうれい", "pitch": 0, "definition": "encouragement, promotion", "category": "N1", "learned": false}}, {"model": "kaki.vocabitem", "pk": 57, "fields": {"tango": "勝利", "yomi": "しょうり", "pitch": 1, "definition": "victory, triumph, win", "category": "N1", "learned": false}}, {"model": "kaki.vocabitem", "pk": 58, "fields": {"tango": "乏しい", "yomi": "ともしい", "pitch": 3, "definition": "meagre; meager; scarce; limited; destitute; hard up; lacking; scanty; poor", "category": "N1", "learned": false}}, {"model": "kaki.vocabitem", "pk": 59, "fields": {"tango": "増強", "yomi": "ぞうきょう", "pitch": 0, "definition": "augment, reinforce, increase", "category": "N1", "learned": false}}, {"model": "kaki.vocabitem", "pk": 60, "fields": {"tango": "過ち", "yomi": "あやまち", "pitch": 3, "definition": "fault, error, indiscretion", "category": "N1", "learned": false}}, {"model": "kaki.vocabitem", "pk": 61, "fields": {"tango": "独裁", "yomi": "どくさい", "pitch": 0, "definition": "dictatorship, despotism", "category": "N1", "learned": false}}, {"model": "kaki.vocabitem", "pk": 62, "fields": {"tango": "自覚", "yomi": "じかく", "pitch": 0, "definition": "self-consciousness; self-awareness", "category": "N1", "learned": false}}, {"model": "kaki.vocabitem", "pk": 63, "fields": {"tango": "事前", "yomi": "じぜん", "pitch": 0, "definition": "prior; beforehand; in advance; before the fact; ex ante", "category": "N1", "learned": false}}, {"model": "kaki.vocabitem", "pk": 64, "fields": {"tango": "監視", "yomi": "かんし", "pitch": 0, "definition": "monitoring, watching, observation", "category": "N1", "learned": false}}, {"model": "kaki.vocabitem", "pk": 65, "fields": {"tango": "資金", "yomi": "しきん", "pitch": 2, "definition": "funds, capital", "category": "N1", "learned": false}}, {"model": "kaki.vocabitem", "pk": 66, "fields": {"tango": "所有", "yomi": "しょゆう", "pitch": 0, "definition": "one’;s possessions; ownership", "category": "N1", "learned": false}}, {"model": "kaki.vocabitem", "pk": 67, "fields": {"tango": "染まる", "yomi": "そまる", "pitch": 0, "definition": "to be dyed; to be tainted; to be infected; to be stained; to be steeped", "category": "N1", "learned": false}}, {"model": "kaki.vocabitem", "pk": 68, "fields": {"tango": "大衆", "yomi": "たいしゅう", "pitch": 0, "definition": "general public, the masses", "category": "N1", "learned": false}}, {"model": "kaki.vocabitem", "pk": 69, "fields": {"tango": "動き", "yomi": "うごき", "pitch": 3, "definition": "movement; move; motion; trend; development; change; fluctuation", "category": "N1", "learned": false}}, {"model": "kaki.vocabitem", "pk": 70, "fields": {"tango": "融資", "yomi": "ゆうし", "pitch": 1, "definition": "financing, loan", "category": "N1", "learned": false}}, {"model": "kaki.vocabitem", "pk": 71, "fields": {"tango": "絶望", "yomi": "ぜつぼう", "pitch": 0, "definition": "despair, hopelessness", "category": "N1", "learned": false}}, {"model": "kaki.vocabitem", "pk": 72, "fields": {"tango": "貧乏", "yomi": "びんぼう", "pitch": 1, "definition": "poverty, destitute, poor", "category": "N1", "learned": false}}, {"model": "kaki.vocabitem", "pk": 73, "fields": {"tango": "防衛", "yomi": "ぼうえい", "pitch": 0, "definition": "defense, protection", "category": "N1", "learned": false}}, {"model": "kaki.vocabitem", "pk": 74, "fields": {"tango": "動員", "yomi": "どういん", "pitch": 0, "definition": "mobilization", "category": "N1", "learned": false}}, {"model": "kaki.vocabitem", "pk": 75, "fields": {"tango": "背後", "yomi": "はいご", "pitch": 1, "definition": "back, rear, background", "category": "N1", "learned": false}}, {"model": "kaki.vocabitem", "pk": 76, "fields": {"tango": "反応", "yomi": "はんのう", "pitch": 0, "definition": "reaction, response", "category": "N1", "learned": false}}, {"model": "kaki.vocabitem", "pk": 77, "fields": {"tango": "率いる", "yomi": "ひきいる", "pitch": 3, "definition": "to lead, to command", "category": "N1", "learned": false}}, {"model": "kaki.vocabitem", "pk": 78, "fields": {"tango": "本質", "yomi": "ほんしつ", "pitch": 0, "definition": "essence, true nature", "category": "N1", "learned": false}}, {"model": "kaki.vocabitem", "pk": 79, "fields": {"tango": "移住", "yomi": "いじゅう", "pitch": 0, "definition": "migration, immigration", "category": "N1", "learned": false}}, {"model": "kaki.vocabitem", "pk": 80, "fields": {"tango": "意欲", "yomi": "いよく", "pitch": 1, "definition": "will; desire; ambition; urge", "category": "N1", "learned": false}}, {"model": "kaki.vocabitem", "pk": 81, "fields": {"tango": "肝心", "yomi": "かんじん", "pitch": 0, "definition": "essential, fundamental, crucial", "category": "N1", "learned": false}}, {"model": "kaki.vocabitem", "pk": 82, "fields": {"tango": "規制", "yomi": "きせい", "pitch": 0, "definition": "regulation, control, restriction", "category": "N1", "learned": false}}, {"model": "kaki.vocabitem", "pk": 83, "fields": {"tango": "熱意", "yomi": "ねつい", "pitch": 1, "definition": "zeal, enthusiasm", "category": "N1", "learned": false}}, {"model": "kaki.vocabitem", "pk": 84, "fields": {"tango": "進展", "yomi": "しんてん", "pitch": 0, "definition": "progress, development", "category": "N1", "learned": false}}, {"model": "kaki.vocabitem", "pk": 85, "fields": {"tango": "高まる", "yomi": "たかまる", "pitch": 3, "definition": "to rise; to swell; to be promoted", "category": "N1", "learned": false}}, {"model": "kaki.vocabitem", "pk": 86, "fields": {"tango": "適応", "yomi": "てきおう", "pitch": 0, "definition": "adaptation, accommodation", "category": "N1", "learned": false}}, {"model": "kaki.vocabitem", "pk": 87, "fields": {"tango": "罠", "yomi": "わな", "pitch": 1, "definition": "snare, trap", "category": "N1", "learned": false}}, {"model": "kaki.vocabitem", "pk": 88, "fields": {"tango": "欲望", "yomi": "よくぼう", "pitch": 0, "definition": "desire, appetite, lust", "category": "N1", "learned": false}}, {"model": "kaki.vocabitem", "pk": 89, "fields": {"tango": "赤字", "yomi": "あかじ", "pitch": 0, "definition": "deficit", "category": "N1", "learned": false}}, {"model": "kaki.vocabitem", "pk": 90, "fields": {"tango": "着手", "yomi": "ちゃくしゅ", "pitch": 1, "definition": "to start work", "category": "N1", "learned": false}}, {"model": "kaki.vocabitem", "pk": 91, "fields": {"tango": "概念", "yomi": "がいねん", "pitch": 1, "definition": "general idea, concept", "category": "N1", "learned": false}}, {"model": "kaki.vocabitem", "pk": 92, "fields": {"tango": "業績", "yomi": "ぎょうせき", "pitch": 0, "definition": "achievement, performance, results", "category": "N1", "learned": false}}, {"model": "kaki.vocabitem", "pk": 93, "fields": {"tango": "破壊", "yomi": "はかい", "pitch": 0, "definition": "destruction, disruption", "category": "N1", "learned": false}}, {"model": "kaki.vocabitem", "pk": 94, "fields": {"tango": "反乱", "yomi": "はんらん", "pitch": 0, "definition": "insurrection, rebellion", "category": "N1", "learned": false}}, {"model": "kaki.vocabitem", "pk": 95, "fields": {"tango": "兵器", "yomi": "へいき", "pitch": 1, "definition": "arms, weapons, ordnance", "category": "N1", "learned": false}}, {"model": "kaki.vocabitem", "pk": 96, "fields": {"tango": "貧困", "yomi": "ひんこん", "pitch": 0, "definition": "poor, needy", "category": "N1", "learned": false}}, {"model": "kaki.vocabitem", "pk": 97, "fields": {"tango": "固める", "yomi": "かためる", "pitch": 0, "definition": "to harden, to solidify", "category": "N1", "learned": false}}, {"model": "kaki.vocabitem", "pk": 98, "fields": {"tango": "興奮", "yomi": "こうふん", "pitch": 0, "definition": "excitement, stimulation, agitation", "category": "N1", "learned": false}}, {"model": "kaki.vocabitem", "pk": 99, "fields": {"tango": "大幅", "yomi": "おおはば", "pitch": 0, "definition": "big; large; drastic; substantial", "category": "N1", "learned": false}}, {"model": "kaki.vocabitem", "pk": 100, "fields": {"tango": "楽観", "yomi": "らっかん", "pitch": 0, "definition": "optimism; taking an optimistic view", "category": "N1", "learned": false}}, {"model": "kaki.vocabitem", "pk": 101, "fields": {"tango": "良心", "yomi": "りょうしん", "pitch": 1, "definition": "conscience", "category": "N1", "learned": false}}, {"model": "kaki.vocabitem", "pk": 102, "fields": {"tango": "制服", "yomi": "せいふく", "pitch": 0, "definition": "uniform", "category": "N1", "learned": false}}, {"model": "kaki.vocabitem", "pk": 103, "fields": {"tango": "成果", "yomi": "せいか", "pitch": 1, "definition": "fruits", "category": "N1", "learned": false}}, {"model": "kaki.vocabitem", "pk": 104, "fields": {"tango": "専用", "yomi": "せんよう", "pitch": 0, "definition": "exclusive use; personal use; dedicated", "category": "N1", "learned": false}}, {"model": "kaki.vocabitem", "pk": 105, "fields": {"tango": "処分", "yomi": "しょぶん", "pitch": 1, "definition": "disposal, dealing", "category": "N1", "learned": false}}, {"model": "kaki.vocabitem", "pk": 106, "fields": {"tango": "推進", "yomi": "すいしん", "pitch": 0, "definition": "propulsion, drive, promotion", "category": "N1", "learned": false}}, {"model": "kaki.vocabitem", "pk": 107, "fields": {"tango": "手遅れ", "yomi": "ておくれ", "pitch": 2, "definition": "being", "category": "N1", "learned": false}}, {"model": "kaki.vocabitem", "pk": 108, "fields": {"tango": "扉", "yomi": "とびら", "pitch": 0, "definition": "door, gate, opening", "category": "N1", "learned": false}}, {"model": "kaki.vocabitem", "pk": 109, "fields": {"tango": "特権", "yomi": "とっけん", "pitch": 0, "definition": "privilege, special right", "category": "N1", "learned": false}}, {"model": "kaki.vocabitem", "pk": 110, "fields": {"tango": "優先", "yomi": "ゆうせん", "pitch": 0, "definition": "preference; priority; precedence", "category": "N1", "learned": false}}, {"model": "kaki.vocabitem", "pk": 111, "fields": {"tango": "調達", "yomi": "ちょうたつ", "pitch": 0, "definition": "supply, provision", "category": "N1", "learned": false}}, {"model": "kaki.vocabitem", "pk": 112, "fields": {"tango": "紛争", "yomi": "ふんそう", "pitch": 0, "definition": "dispute, trouble, strife", "category": "N1", "learned": false}}, {"model": "kaki.vocabitem", "pk": 113, "fields": {"tango": "幻想", "yomi": "げんそう", "pitch": 0, "definition": "fantasy; illusion; vision; dream", "category": "N1", "learned": false}}, {"model": "kaki.vocabitem", "pk": 114, "fields": {"tango": "犠牲", "yomi": "ぎせい", "pitch": 0, "definition": "victim, sacrifice, scapegoat", "category": "N1", "learned": false}}, {"model": "kaki.vocabitem", "pk": 115, "fields": {"tango": "施す", "yomi": "ほどこす", "pitch": 3, "definition": "to give, to do, to conduct", "category": "N1", "learned": false}}, {"model": "kaki.vocabitem", "pk": 116, "fields": {"tango": "保護", "yomi": "ほご", "pitch": 1, "definition": "care, protection, shelter", "category": "N1", "learned": false}}, {"model": "kaki.vocabitem", "pk": 117, "fields": {"tango": "上陸", "yomi": "じょうりく", "pitch": 0, "definition": "landing; disembarkation; landfall", "category": "N1", "learned": false}}, {"model": "kaki.vocabitem", "pk": 118, "fields": {"tango": "改革", "yomi": "かいかく", "pitch": 0, "definition": "reform, reformation", "category": "N1", "learned": false}}, {"model": "kaki.vocabitem", "pk": 119, "fields": {"tango": "明白", "yomi": "めいはく", "pitch": 0, "definition": "obvious, clear, plain", "category": "N1", "learned": false}}, {"model": "kaki.vocabitem", "pk": 120, "fields": {"tango": "認識", "yomi": "にんしき", "pitch": 0, "definition": "recognition; awareness; perception; understanding; knowledge; cognition; cognizance; cognisance", "category": "N1", "learned": false}}, {"model": "kaki.vocabitem", "pk": 121, "fields": {"tango": "覚え", "yomi": "おぼえ", "pitch": 3, "definition": "memory, sense, experience", "category": "N1", "learned": false}}, {"model": "kaki.vocabitem", "pk": 122, "fields": {"tango": "企む", "yomi": "たくらむ", "pitch": 3, "definition": "to scheme, to plan, to conspire", "category": "N1", "learned": false}}, {"model": "kaki.user", "pk": 1, "fields": {"name": "Mathew"}}, {"model": "kaki.user", "pk": 2, "fields": {"name": "Ed"}}, {"model": "kaki.user", "pk": 3, "fields": {"name": "Lauretta"}}, {"model": "kaki.studyitem", "pk": 1, "fields": {"user": 1, "item": 3, "priority": 0}}, {"model": "kaki.studyitem", "pk": 3, "fields": {"user": 1, "item": 8, "priority": 0}}, {"model": "kaki.studyitem", "pk": 4, "fields": {"user": 1, "item": 12, "priority": 0}}, {"model": "kaki.studyitem", "pk": 5, "fields": {"user": 1, "item": 13, "priority": 0}}, {"model": "kaki.studyitem", "pk": 6, "fields": {"user": 1, "item": 14, "priority": 0}}, {"model": "kaki.studyitem", "pk": 7, "fields": {"user": 1, "item": 15, "priority": 0}}, {"model": "kaki.studyitem", "pk": 8, "fields": {"user": 1, "item": 17, "priority": 0}}, {"model": "kaki.studyitem", "pk": 9, "fields": {"user": 1, "item": 18, "priority": 0}}, {"model": "kaki.studyitem", "pk": 10, "fields": {"user": 1, "item": 19, "priority": 0}}, {"model": "kaki.studyitem", "pk": 11, "fields": {"user": 1, "item": 20, "priority": 0}}, {"model": "kaki.studyitem", "pk": 12, "fields": {"user": 1, "item": 21, "priority": 0}}, {"model": "kaki.studyitem", "pk": 14, "fields": {"user": 1, "item": 23, "priority": 0}}, {"model": "admin.logentry", "pk": 1, "fields": {"action_time": "2022-09-22T13:57:51.883Z", "user": 1, "content_type": 7, "object_id": "1", "object_repr": "柿 (かき) | 0", "action_flag": 1, "change_message": "[{\"added\": {}}]"}}, {"model": "admin.logentry", "pk": 2, "fields": {"action_time": "2022-09-22T13:58:31.710Z", "user": 1, "content_type": 7, "object_id": "2", "object_repr": "牡蠣 (かき) | 1", "action_flag": 1, "change_message": "[{\"added\": {}}]"}}, {"model": "admin.logentry", "pk": 3, "fields": {"action_time": "2022-10-06T18:52:46.375Z", "user": 1, "content_type": 8, "object_id": "2", "object_repr": "Mathew, 単語, 0", "action_flag": 3, "change_message": ""}}, {"model": "auth.permission", "pk": 1, "fields": {"name": "Can add log entry", "content_type": 1, "codename": "add_logentry"}}, {"model": "auth.permission", "pk": 2, "fields": {"name": "Can change log entry", "content_type": 1, "codename": "change_logentry"}}, {"model": "auth.permission", "pk": 3, "fields": {"name": "Can delete log entry", "content_type": 1, "codename": "delete_logentry"}}, {"model": "auth.permission", "pk": 4, "fields": {"name": "Can view log entry", "content_type": 1, "codename": "view_logentry"}}, {"model": "auth.permission", "pk": 5, "fields": {"name": "Can add permission", "content_type": 2, "codename": "add_permission"}}, {"model": "auth.permission", "pk": 6, "fields": {"name": "Can change permission", "content_type": 2, "codename": "change_permission"}}, {"model": "auth.permission", "pk": 7, "fields": {"name": "Can delete permission", "content_type": 2, "codename": "delete_permission"}}, {"model": "auth.permission", "pk": 8, "fields": {"name": "Can view permission", "content_type": 2, "codename": "view_permission"}}, {"model": "auth.permission", "pk": 9, "fields": {"name": "Can add group", "content_type": 3, "codename": "add_group"}}, {"model": "auth.permission", "pk": 10, "fields": {"name": "Can change group", "content_type": 3, "codename": "change_group"}}, {"model": "auth.permission", "pk": 11, "fields": {"name": "Can delete group", "content_type": 3, "codename": "delete_group"}}, {"model": "auth.permission", "pk": 12, "fields": {"name": "Can view group", "content_type": 3, "codename": "view_group"}}, {"model": "auth.permission", "pk": 13, "fields": {"name": "Can add user", "content_type": 4, "codename": "add_user"}}, {"model": "auth.permission", "pk": 14, "fields": {"name": "Can change user", "content_type": 4, "codename": "change_user"}}, {"model": "auth.permission", "pk": 15, "fields": {"name": "Can delete user", "content_type": 4, "codename": "delete_user"}}, {"model": "auth.permission", "pk": 16, "fields": {"name": "Can view user", "content_type": 4, "codename": "view_user"}}, {"model": "auth.permission", "pk": 17, "fields": {"name": "Can add content type", "content_type": 5, "codename": "add_contenttype"}}, {"model": "auth.permission", "pk": 18, "fields": {"name": "Can change content type", "content_type": 5, "codename": "change_contenttype"}}, {"model": "auth.permission", "pk": 19, "fields": {"name": "Can delete content type", "content_type": 5, "codename": "delete_contenttype"}}, {"model": "auth.permission", "pk": 20, "fields": {"name": "Can view content type", "content_type": 5, "codename": "view_contenttype"}}, {"model": "auth.permission", "pk": 21, "fields": {"name": "Can add session", "content_type": 6, "codename": "add_session"}}, {"model": "auth.permission", "pk": 22, "fields": {"name": "Can change session", "content_type": 6, "codename": "change_session"}}, {"model": "auth.permission", "pk": 23, "fields": {"name": "Can delete session", "content_type": 6, "codename": "delete_session"}}, {"model": "auth.permission", "pk": 24, "fields": {"name": "Can view session", "content_type": 6, "codename": "view_session"}}, {"model": "auth.permission", "pk": 25, "fields": {"name": "Can add vocab item", "content_type": 7, "codename": "add_vocabitem"}}, {"model": "auth.permission", "pk": 26, "fields": {"name": "Can change vocab item", "content_type": 7, "codename": "change_vocabitem"}}, {"model": "auth.permission", "pk": 27, "fields": {"name": "Can delete vocab item", "content_type": 7, "codename": "delete_vocabitem"}}, {"model": "auth.permission", "pk": 28, "fields": {"name": "Can view vocab item", "content_type": 7, "codename": "view_vocabitem"}}, {"model": "auth.permission", "pk": 29, "fields": {"name": "Can add study item", "content_type": 8, "codename": "add_studyitem"}}, {"model": "auth.permission", "pk": 30, "fields": {"name": "Can change study item", "content_type": 8, "codename": "change_studyitem"}}, {"model": "auth.permission", "pk": 31, "fields": {"name": "Can delete study item", "content_type": 8, "codename": "delete_studyitem"}}, {"model": "auth.permission", "pk": 32, "fields": {"name": "Can view study item", "content_type": 8, "codename": "view_studyitem"}}, {"model": "auth.permission", "pk": 33, "fields": {"name": "Can add user", "content_type": 9, "codename": "add_user"}}, {"model": "auth.permission", "pk": 34, "fields": {"name": "Can change user", "content_type": 9, "codename": "change_user"}}, {"model": "auth.permission", "pk": 35, "fields": {"name": "Can delete user", "content_type": 9, "codename": "delete_user"}}, {"model": "auth.permission", "pk": 36, "fields": {"name": "Can view user", "content_type": 9, "codename": "view_user"}}, {"model": "auth.user", "pk": 1, "fields": {"password": "pbkdf2_sha256$390000$rPNZdK83Ja8UXwhNw5yzoD$feQ6Z1DdoZ3Vl41PJDRtxSXV9ZNbaZRbwfDljZpyQJM=", "last_login": "2022-10-13T21:58:23.789Z", "is_superuser": true, "username": "mathewajk", "first_name": "", "last_name": "", "email": "kaki@mathewkramer.io", "is_staff": true, "is_active": true, "date_joined": "2022-09-22T13:56:13.985Z", "groups": [], "user_permissions": []}}, {"model": "sessions.session", "pk": "2filc3wmajrwby0tok5scqea7ew6ovoi", "fields": {"session_data": ".eJxVjMsOwiAUBf-FtSFc3rh0328gXB5SNZCUdmX8d9ukC92emTlv4sO2Vr-NvPg5kSsBcvndMMRnbgdIj9Duncbe1mVGeij0pINOPeXX7XT_DmoYda-lZlmBUcgkd0wY5FoZXlBKK4WNioERggWtEBzayEVx0mQHuwpQoiKfL5TwNes:1ocumC:UD3KNSmxRAzzYdlcf4-msJ6_f0TI2yAFog0rX6X_Oic", "expire_date": "2022-10-10T20:32:28.556Z"}}, {"model": "sessions.session", "pk": "dsh14eug6ymm43x7jvy7sztk2x6cq0ci", "fields": {"session_data": ".eJxVjMsOwiAUBf-FtSFc3rh0328gXB5SNZCUdmX8d9ukC92emTlv4sO2Vr-NvPg5kSsBcvndMMRnbgdIj9Duncbe1mVGeij0pINOPeXX7XT_DmoYda-lZlmBUcgkd0wY5FoZXlBKK4WNioERggWtEBzayEVx0mQHuwpQoiKfL5TwNes:1obMhC:EULH3y9Jxvo_S_cY0a21nquDy-lCmzcxbNIFgoDXvKI", "expire_date": "2022-10-06T13:56:54.001Z"}}, {"model": "sessions.session", "pk": "wfqn1dbvvae22citp1h9b5a1y9xgj0on", "fields": {"session_data": ".eJxVjEEOwiAQRe_C2hCYFigu3fcMZIYBqRqalHZlvLtt0oVu_3vvv0XAbS1ha2kJE4ur0OLyuxHGZ6oH4AfW-yzjXNdlInko8qRNjjOn1-10_w4KtrLXMTtEIuLBRm1SZuJECD5BT50bfHbgrGGlo1OOdtTbbJQH7q0HgE58vihBOJE:1oj6Df:hh4iI-vLHXeDUB7bnwWHaygUla3Yz_7T1DOGlZCDheI", "expire_date": "2022-10-27T21:58:23.790Z"}}]